INSERT INTO `ep`.`role` (`id`, `name`) VALUES ('1', 'business partner');
INSERT INTO `ep`.`role` (`id`, `name`) VALUES ('2', 'bank');
INSERT INTO `ep`.`role` (`id`, `name`) VALUES ('3', 'accountant');
INSERT INTO `ep`.`role` (`id`, `name`) VALUES ('4', 'manager');
INSERT INTO `ep`.`role` (`id`, `name`) VALUES ('5', 'administrator');

INSERT INTO `ep`.`permission` (`id`, `name`) VALUES ('1', 'createCompany');
INSERT INTO `ep`.`permission` (`id`, `name`) VALUES ('2', 'editCompany');
INSERT INTO `ep`.`permission` (`id`, `name`) VALUES ('3', 'deleteCompany');
INSERT INTO `ep`.`permission` (`id`, `name`) VALUES ('4', 'createBusinessPartner');
INSERT INTO `ep`.`permission` (`id`, `name`) VALUES ('5', 'editBusinessPartner');
INSERT INTO `ep`.`permission` (`id`, `name`) VALUES ('6', 'deleteBusinessPartner');
INSERT INTO `ep`.`permission` (`id`, `name`) VALUES ('7', 'createBusinessYear');
INSERT INTO `ep`.`permission` (`id`, `name`) VALUES ('8', 'editBusinessYear');
INSERT INTO `ep`.`permission` (`id`, `name`) VALUES ('9', 'deleteBusinessYear');
INSERT INTO `ep`.`permission` (`id`, `name`) VALUES ('10', 'createOrderForm');
INSERT INTO `ep`.`permission` (`id`, `name`) VALUES ('11', 'editOrderForm');
INSERT INTO `ep`.`permission` (`id`, `name`) VALUES ('12', 'deleteOrderForm');
INSERT INTO `ep`.`permission` (`id`, `name`) VALUES ('13', 'createOrderFormItem');
INSERT INTO `ep`.`permission` (`id`, `name`) VALUES ('14', 'editOrderFormItem');
INSERT INTO `ep`.`permission` (`id`, `name`) VALUES ('15', 'deleteOrderFormItem');
INSERT INTO `ep`.`permission` (`id`, `name`) VALUES ('16', 'generateInvoiceFromOrderForm');
INSERT INTO `ep`.`permission` (`id`, `name`) VALUES ('17', 'createInvoice');
INSERT INTO `ep`.`permission` (`id`, `name`) VALUES ('18', 'editInvoice');
INSERT INTO `ep`.`permission` (`id`, `name`) VALUES ('19', 'deleteInvoice');
INSERT INTO `ep`.`permission` (`id`, `name`) VALUES ('20', 'createInvoiceItem');
INSERT INTO `ep`.`permission` (`id`, `name`) VALUES ('21', 'editInvoiceItem');
INSERT INTO `ep`.`permission` (`id`, `name`) VALUES ('22', 'deleteInvoiceItem');
INSERT INTO `ep`.`permission` (`id`, `name`) VALUES ('23', 'exportInvoiceAsXML');
INSERT INTO `ep`.`permission` (`id`, `name`) VALUES ('24', 'exportInvoiceAsPdf');
INSERT INTO `ep`.`permission` (`id`, `name`) VALUES ('25', 'exportMultipleInvoicesAsPdf');
INSERT INTO `ep`.`permission` (`id`, `name`) VALUES ('26', 'createItem');
INSERT INTO `ep`.`permission` (`id`, `name`) VALUES ('27', 'editItem');
INSERT INTO `ep`.`permission` (`id`, `name`) VALUES ('28', 'deleteItem');
INSERT INTO `ep`.`permission` (`id`, `name`) VALUES ('29', 'createArticleGroup');
INSERT INTO `ep`.`permission` (`id`, `name`) VALUES ('30', 'editArticleGroup');
INSERT INTO `ep`.`permission` (`id`, `name`) VALUES ('31', 'deleteArticleGroup');
INSERT INTO `ep`.`permission` (`id`, `name`) VALUES ('32', 'createGSTType');
INSERT INTO `ep`.`permission` (`id`, `name`) VALUES ('33', 'editGSTType');
INSERT INTO `ep`.`permission` (`id`, `name`) VALUES ('34', 'deleteGSTType');
INSERT INTO `ep`.`permission` (`id`, `name`) VALUES ('35', 'createGSTRate');
INSERT INTO `ep`.`permission` (`id`, `name`) VALUES ('36', 'editGSTRate');
INSERT INTO `ep`.`permission` (`id`, `name`) VALUES ('37', 'deleteGSTRate');
INSERT INTO `ep`.`permission` (`id`, `name`) VALUES ('38', 'createPriceList');
INSERT INTO `ep`.`permission` (`id`, `name`) VALUES ('39', 'editPriceList');
INSERT INTO `ep`.`permission` (`id`, `name`) VALUES ('40', 'deletePriceList');
INSERT INTO `ep`.`permission` (`id`, `name`) VALUES ('41', 'createPriceListItem');
INSERT INTO `ep`.`permission` (`id`, `name`) VALUES ('42', 'editPriceListItem');
INSERT INTO `ep`.`permission` (`id`, `name`) VALUES ('43', 'deletePriceListItem');
INSERT INTO `ep`.`permission` (`id`, `name`) VALUES ('44', 'copyPriceList');
INSERT INTO `ep`.`permission` (`id`, `name`) VALUES ('45', 'viewCompanies');
INSERT INTO `ep`.`permission` (`id`, `name`) VALUES ('46', 'viewBusinessYears');
INSERT INTO `ep`.`permission` (`id`, `name`) VALUES ('47', 'viewBusinessPartners');
INSERT INTO `ep`.`permission` (`id`, `name`) VALUES ('48', 'viewOrderForms');
INSERT INTO `ep`.`permission` (`id`, `name`) VALUES ('49', 'viewOrderFormItems');
INSERT INTO `ep`.`permission` (`id`, `name`) VALUES ('50', 'viewInvoices');
INSERT INTO `ep`.`permission` (`id`, `name`) VALUES ('51', 'viewInvoiceItems');
INSERT INTO `ep`.`permission` (`id`, `name`) VALUES ('52', 'viewItems');
INSERT INTO `ep`.`permission` (`id`, `name`) VALUES ('53', 'viewArticleGroups');
INSERT INTO `ep`.`permission` (`id`, `name`) VALUES ('54', 'viewPriceLists');
INSERT INTO `ep`.`permission` (`id`, `name`) VALUES ('55', 'viewPriceListItems');
INSERT INTO `ep`.`permission` (`id`, `name`) VALUES ('56', 'viewGSTTypes');
INSERT INTO `ep`.`permission` (`id`, `name`) VALUES ('57', 'viewGSTRates');



-- business partner
INSERT INTO `ep`.`role_permission` (`Role_id`, `permissions_id`) VALUES ('1', '10');
INSERT INTO `ep`.`role_permission` (`Role_id`, `permissions_id`) VALUES ('1', '11');
INSERT INTO `ep`.`role_permission` (`Role_id`, `permissions_id`) VALUES ('1', '12');
INSERT INTO `ep`.`role_permission` (`Role_id`, `permissions_id`) VALUES ('1', '13');
INSERT INTO `ep`.`role_permission` (`Role_id`, `permissions_id`) VALUES ('1', '14');
INSERT INTO `ep`.`role_permission` (`Role_id`, `permissions_id`) VALUES ('1', '15');
INSERT INTO `ep`.`role_permission` (`Role_id`, `permissions_id`) VALUES ('1', '48');
INSERT INTO `ep`.`role_permission` (`Role_id`, `permissions_id`) VALUES ('1', '49');


-- accountant
INSERT INTO `ep`.`role_permission` (`Role_id`, `permissions_id`) VALUES ('3', '16');
INSERT INTO `ep`.`role_permission` (`Role_id`, `permissions_id`) VALUES ('3', '17');
INSERT INTO `ep`.`role_permission` (`Role_id`, `permissions_id`) VALUES ('3', '18');
INSERT INTO `ep`.`role_permission` (`Role_id`, `permissions_id`) VALUES ('3', '19');
INSERT INTO `ep`.`role_permission` (`Role_id`, `permissions_id`) VALUES ('3', '20');
INSERT INTO `ep`.`role_permission` (`Role_id`, `permissions_id`) VALUES ('3', '21');
INSERT INTO `ep`.`role_permission` (`Role_id`, `permissions_id`) VALUES ('3', '22');
INSERT INTO `ep`.`role_permission` (`Role_id`, `permissions_id`) VALUES ('3', '23');
INSERT INTO `ep`.`role_permission` (`Role_id`, `permissions_id`) VALUES ('3', '24');
INSERT INTO `ep`.`role_permission` (`Role_id`, `permissions_id`) VALUES ('3', '25');
INSERT INTO `ep`.`role_permission` (`Role_id`, `permissions_id`) VALUES ('3', '45');
INSERT INTO `ep`.`role_permission` (`Role_id`, `permissions_id`) VALUES ('3', '46');
INSERT INTO `ep`.`role_permission` (`Role_id`, `permissions_id`) VALUES ('3', '47');
INSERT INTO `ep`.`role_permission` (`Role_id`, `permissions_id`) VALUES ('3', '48');
INSERT INTO `ep`.`role_permission` (`Role_id`, `permissions_id`) VALUES ('3', '49');
INSERT INTO `ep`.`role_permission` (`Role_id`, `permissions_id`) VALUES ('3', '50');
INSERT INTO `ep`.`role_permission` (`Role_id`, `permissions_id`) VALUES ('3', '51');
INSERT INTO `ep`.`role_permission` (`Role_id`, `permissions_id`) VALUES ('3', '52');
INSERT INTO `ep`.`role_permission` (`Role_id`, `permissions_id`) VALUES ('3', '53');
INSERT INTO `ep`.`role_permission` (`Role_id`, `permissions_id`) VALUES ('3', '54');
INSERT INTO `ep`.`role_permission` (`Role_id`, `permissions_id`) VALUES ('3', '55');
INSERT INTO `ep`.`role_permission` (`Role_id`, `permissions_id`) VALUES ('3', '56');
INSERT INTO `ep`.`role_permission` (`Role_id`, `permissions_id`) VALUES ('3', '57');


-- manager
INSERT INTO `ep`.`role_permission` (`Role_id`, `permissions_id`) VALUES ('4', '1');
INSERT INTO `ep`.`role_permission` (`Role_id`, `permissions_id`) VALUES ('4', '2');
INSERT INTO `ep`.`role_permission` (`Role_id`, `permissions_id`) VALUES ('4', '3');
INSERT INTO `ep`.`role_permission` (`Role_id`, `permissions_id`) VALUES ('4', '4');
INSERT INTO `ep`.`role_permission` (`Role_id`, `permissions_id`) VALUES ('4', '5');
INSERT INTO `ep`.`role_permission` (`Role_id`, `permissions_id`) VALUES ('4', '6');
INSERT INTO `ep`.`role_permission` (`Role_id`, `permissions_id`) VALUES ('4', '7');
INSERT INTO `ep`.`role_permission` (`Role_id`, `permissions_id`) VALUES ('4', '8');
INSERT INTO `ep`.`role_permission` (`Role_id`, `permissions_id`) VALUES ('4', '9');
INSERT INTO `ep`.`role_permission` (`Role_id`, `permissions_id`) VALUES ('4', '26');
INSERT INTO `ep`.`role_permission` (`Role_id`, `permissions_id`) VALUES ('4', '27');
INSERT INTO `ep`.`role_permission` (`Role_id`, `permissions_id`) VALUES ('4', '28');
INSERT INTO `ep`.`role_permission` (`Role_id`, `permissions_id`) VALUES ('4', '29');
INSERT INTO `ep`.`role_permission` (`Role_id`, `permissions_id`) VALUES ('4', '30');
INSERT INTO `ep`.`role_permission` (`Role_id`, `permissions_id`) VALUES ('4', '31');
INSERT INTO `ep`.`role_permission` (`Role_id`, `permissions_id`) VALUES ('4', '32');
INSERT INTO `ep`.`role_permission` (`Role_id`, `permissions_id`) VALUES ('4', '33');
INSERT INTO `ep`.`role_permission` (`Role_id`, `permissions_id`) VALUES ('4', '34');
INSERT INTO `ep`.`role_permission` (`Role_id`, `permissions_id`) VALUES ('4', '35');
INSERT INTO `ep`.`role_permission` (`Role_id`, `permissions_id`) VALUES ('4', '36');
INSERT INTO `ep`.`role_permission` (`Role_id`, `permissions_id`) VALUES ('4', '37');
INSERT INTO `ep`.`role_permission` (`Role_id`, `permissions_id`) VALUES ('4', '38');
INSERT INTO `ep`.`role_permission` (`Role_id`, `permissions_id`) VALUES ('4', '39');
INSERT INTO `ep`.`role_permission` (`Role_id`, `permissions_id`) VALUES ('4', '40');
INSERT INTO `ep`.`role_permission` (`Role_id`, `permissions_id`) VALUES ('4', '41');
INSERT INTO `ep`.`role_permission` (`Role_id`, `permissions_id`) VALUES ('4', '42');
INSERT INTO `ep`.`role_permission` (`Role_id`, `permissions_id`) VALUES ('4', '43');
INSERT INTO `ep`.`role_permission` (`Role_id`, `permissions_id`) VALUES ('4', '44');
INSERT INTO `ep`.`role_permission` (`Role_id`, `permissions_id`) VALUES ('4', '45');
INSERT INTO `ep`.`role_permission` (`Role_id`, `permissions_id`) VALUES ('4', '46');
INSERT INTO `ep`.`role_permission` (`Role_id`, `permissions_id`) VALUES ('4', '47');
INSERT INTO `ep`.`role_permission` (`Role_id`, `permissions_id`) VALUES ('4', '48');
INSERT INTO `ep`.`role_permission` (`Role_id`, `permissions_id`) VALUES ('4', '49');
INSERT INTO `ep`.`role_permission` (`Role_id`, `permissions_id`) VALUES ('4', '50');
INSERT INTO `ep`.`role_permission` (`Role_id`, `permissions_id`) VALUES ('4', '51');
INSERT INTO `ep`.`role_permission` (`Role_id`, `permissions_id`) VALUES ('4', '52');
INSERT INTO `ep`.`role_permission` (`Role_id`, `permissions_id`) VALUES ('4', '53');
INSERT INTO `ep`.`role_permission` (`Role_id`, `permissions_id`) VALUES ('4', '54');
INSERT INTO `ep`.`role_permission` (`Role_id`, `permissions_id`) VALUES ('4', '55');
INSERT INTO `ep`.`role_permission` (`Role_id`, `permissions_id`) VALUES ('4', '56');
INSERT INTO `ep`.`role_permission` (`Role_id`, `permissions_id`) VALUES ('4', '57');

-- administrator
INSERT INTO `ep`.`role_permission` (`Role_id`, `permissions_id`) VALUES ('5', '1');
INSERT INTO `ep`.`role_permission` (`Role_id`, `permissions_id`) VALUES ('5', '2');
INSERT INTO `ep`.`role_permission` (`Role_id`, `permissions_id`) VALUES ('5', '3');
INSERT INTO `ep`.`role_permission` (`Role_id`, `permissions_id`) VALUES ('5', '4');
INSERT INTO `ep`.`role_permission` (`Role_id`, `permissions_id`) VALUES ('5', '5');
INSERT INTO `ep`.`role_permission` (`Role_id`, `permissions_id`) VALUES ('5', '6');
INSERT INTO `ep`.`role_permission` (`Role_id`, `permissions_id`) VALUES ('5', '7');
INSERT INTO `ep`.`role_permission` (`Role_id`, `permissions_id`) VALUES ('5', '8');
INSERT INTO `ep`.`role_permission` (`Role_id`, `permissions_id`) VALUES ('5', '9');
INSERT INTO `ep`.`role_permission` (`Role_id`, `permissions_id`) VALUES ('5', '10');
INSERT INTO `ep`.`role_permission` (`Role_id`, `permissions_id`) VALUES ('5', '11');
INSERT INTO `ep`.`role_permission` (`Role_id`, `permissions_id`) VALUES ('5', '12');
INSERT INTO `ep`.`role_permission` (`Role_id`, `permissions_id`) VALUES ('5', '13');
INSERT INTO `ep`.`role_permission` (`Role_id`, `permissions_id`) VALUES ('5', '14');
INSERT INTO `ep`.`role_permission` (`Role_id`, `permissions_id`) VALUES ('5', '15');
INSERT INTO `ep`.`role_permission` (`Role_id`, `permissions_id`) VALUES ('5', '16');
INSERT INTO `ep`.`role_permission` (`Role_id`, `permissions_id`) VALUES ('5', '17');
INSERT INTO `ep`.`role_permission` (`Role_id`, `permissions_id`) VALUES ('5', '18');
INSERT INTO `ep`.`role_permission` (`Role_id`, `permissions_id`) VALUES ('5', '19');
INSERT INTO `ep`.`role_permission` (`Role_id`, `permissions_id`) VALUES ('5', '20');
INSERT INTO `ep`.`role_permission` (`Role_id`, `permissions_id`) VALUES ('5', '21');
INSERT INTO `ep`.`role_permission` (`Role_id`, `permissions_id`) VALUES ('5', '22');
INSERT INTO `ep`.`role_permission` (`Role_id`, `permissions_id`) VALUES ('5', '23');
INSERT INTO `ep`.`role_permission` (`Role_id`, `permissions_id`) VALUES ('5', '24');
INSERT INTO `ep`.`role_permission` (`Role_id`, `permissions_id`) VALUES ('5', '25');
INSERT INTO `ep`.`role_permission` (`Role_id`, `permissions_id`) VALUES ('5', '26');
INSERT INTO `ep`.`role_permission` (`Role_id`, `permissions_id`) VALUES ('5', '27');
INSERT INTO `ep`.`role_permission` (`Role_id`, `permissions_id`) VALUES ('5', '28');
INSERT INTO `ep`.`role_permission` (`Role_id`, `permissions_id`) VALUES ('5', '29');
INSERT INTO `ep`.`role_permission` (`Role_id`, `permissions_id`) VALUES ('5', '30');
INSERT INTO `ep`.`role_permission` (`Role_id`, `permissions_id`) VALUES ('5', '31');
INSERT INTO `ep`.`role_permission` (`Role_id`, `permissions_id`) VALUES ('5', '32');
INSERT INTO `ep`.`role_permission` (`Role_id`, `permissions_id`) VALUES ('5', '33');
INSERT INTO `ep`.`role_permission` (`Role_id`, `permissions_id`) VALUES ('5', '34');
INSERT INTO `ep`.`role_permission` (`Role_id`, `permissions_id`) VALUES ('5', '35');
INSERT INTO `ep`.`role_permission` (`Role_id`, `permissions_id`) VALUES ('5', '36');
INSERT INTO `ep`.`role_permission` (`Role_id`, `permissions_id`) VALUES ('5', '37');
INSERT INTO `ep`.`role_permission` (`Role_id`, `permissions_id`) VALUES ('5', '38');
INSERT INTO `ep`.`role_permission` (`Role_id`, `permissions_id`) VALUES ('5', '39');
INSERT INTO `ep`.`role_permission` (`Role_id`, `permissions_id`) VALUES ('5', '40');
INSERT INTO `ep`.`role_permission` (`Role_id`, `permissions_id`) VALUES ('5', '41');
INSERT INTO `ep`.`role_permission` (`Role_id`, `permissions_id`) VALUES ('5', '42');
INSERT INTO `ep`.`role_permission` (`Role_id`, `permissions_id`) VALUES ('5', '43');
INSERT INTO `ep`.`role_permission` (`Role_id`, `permissions_id`) VALUES ('5', '44');
INSERT INTO `ep`.`role_permission` (`Role_id`, `permissions_id`) VALUES ('5', '45');
INSERT INTO `ep`.`role_permission` (`Role_id`, `permissions_id`) VALUES ('5', '46');
INSERT INTO `ep`.`role_permission` (`Role_id`, `permissions_id`) VALUES ('5', '47');
INSERT INTO `ep`.`role_permission` (`Role_id`, `permissions_id`) VALUES ('5', '48');
INSERT INTO `ep`.`role_permission` (`Role_id`, `permissions_id`) VALUES ('5', '49');
INSERT INTO `ep`.`role_permission` (`Role_id`, `permissions_id`) VALUES ('5', '50');
INSERT INTO `ep`.`role_permission` (`Role_id`, `permissions_id`) VALUES ('5', '51');
INSERT INTO `ep`.`role_permission` (`Role_id`, `permissions_id`) VALUES ('5', '52');
INSERT INTO `ep`.`role_permission` (`Role_id`, `permissions_id`) VALUES ('5', '53');
INSERT INTO `ep`.`role_permission` (`Role_id`, `permissions_id`) VALUES ('5', '54');
INSERT INTO `ep`.`role_permission` (`Role_id`, `permissions_id`) VALUES ('5', '55');
INSERT INTO `ep`.`role_permission` (`Role_id`, `permissions_id`) VALUES ('5', '56');
INSERT INTO `ep`.`role_permission` (`Role_id`, `permissions_id`) VALUES ('5', '57');


